Student ID,Name,Gender,Study Hours,Attendance (%),Math Score,Science Score,English Score
1195,Asha H.,Male,3.6,95.0,88.0,78.0,99.0
1127,Ravi A.,Male,3.3,95.0,82.0,90.0,70.0
1023,Rohan R.,Female,3.4,97.0,90.0,78.0,95.0
1012,Asha L.,Female,3.8,70.0,91.0,67.0,84.0
1157,Asha E.,Male,1.9,63.0,61.0,56.0,65.0
1003,Arjun U.,Female,5.3,70.0,93.0,90.0,87.0
1126,Yash Q.,Male,4.2,63.0,84.0,95.0,83.0
1098,Ravi B.,Male,4.1,79.0,91.0,85.0,
1067,Isha Z.,Male,5.3,90.0,88.0,76.0,97.0
1064,Neha Z.,Female,3.9,78.0,77.0,74.0,99.0
1079,Aman T.,Female,3.8,71.0,74.0,87.0,90.0
1100,Asha S.,female ,0.0,71.0,70.0,51.0,59.0
1109,Ritu P.,Female,4.4,76.0,84.0,83.0,82.0
1066,Sana O.,Male,4.9,64.0,93.0,79.0,73.0
1154,Anika V.,Male,3.4,52.0,87.0,60.0,
1161,Aman N.,Female,3.7,96.0,94.0,73.0,86.0
1025,Ravi T.,Female,1.5,60.0,74.0,62.0,83.0
1103,Vikram W.,Female,3.7,72.0,77.0,76.0,87.0
1159,Karan C.,Female,9.0,62.0,100.0,89.0,93.0
1047,Asha L.,Female,5.6,79.0,100.0,98.0,96.0
1185,Arjun N.,Male,3.5,67.0,73.0,74.0,73.0
1198,Karan F.,Female,4.2,88.0,83.0,83.0,94.0
1147,Tarun T.,Male,5.7,,,100.0,94.0
1075,Priya S.,Male,1.4,80.0,54.0,70.0,71.0
1193,Isha V.,Male,1.2,90.0,78.0,82.0,79.0
1133,Meera T.,Female,2.5,76.0,70.0,62.0,66.0
1095,Meera Q.,Male,4.1,,90.0,88.0,84.0
1103,Vikram W.,Female,3.7,72.0,77.0,76.0,87.0
1117,Yash I.,Female,3.2,72.0,89.0,66.0,73.0
1184,Yash A.,Male,4.6,86.0,94.0,91.0,
1058,Neha C.,Male,1.0,88.0,59.0,69.0,79.0
1110,Tarun A.,Female,5.6,77.0,93.0,93.0,97.0
1167,Asha C.,Female,2.7,81.0,82.0,54.0,81.0
1199,Kavya T.,Female,2.4,62.0,68.0,58.0,69.0
1130,Sana I.,Female,2.9,73.0,77.0,73.0,72.0
1089,Aman X.,Male,8.3,66.0,93.0,93.0,89.0
1010,Aman F.,Male,,85.0,77.0,65.0,82.0
1190,Anika Y.,Male,0.0,77.0,54.0,53.0,64.0
1083,Yash M.,Female,5.5,100.0,70.0,76.0,97.0
1121,Ritu Y.,Male,6.5,65.0,100.0,100.0,86.0
1140,Meera Y.,Male,4.5,81.0,96.0,,78.0
1129,Neha E.,Female,3.2,59.0,71.0,66.0,73.0
1061,Meera E.,Female,6.0,62.0,94.0,99.0,92.0
1142,Sanjay B.,Female,3.0,87.0,76.0,91.0,87.0
1028,Isha C.,Male,6.8,74.0,79.0,100.0,86.0
1041,Tarun M.,Male,6.7,83.0,92.0,87.0,96.0
1046,Priya I.,Male,6.6,81.0,95.0,95.0,80.0
1146,Asha N.,Male,6.9,86.0,100.0,90.0,93.0
1032,Ravi F.,Male,7.7,52.0,85.0,95.0,81.0
1164,Pooja N.,Male,5.4,59.0,87.0,76.0,80.0
1033,Dev D.,Male,4.2,82.0,79.0,73.0,84.0
1014,Pooja J.,Male,4.5,85.0,89.0,91.0,91.0
1122,Sanjay W.,Male,1.6,70.0,67.0,63.0,76.0
1081,Priya A.,Female,4.9,79.0,95.0,72.0,84.0
1135,Yash K.,Female,0.0,100.0,68.0,55.0,
1029,Rohan Q.,Female,2.5,82.0,83.0,77.0,97.0
1019,Meera E.,Female,4.5,75.0,93.0,99.0,83.0
1115,Meera S.,Male,8.3,100.0,100.0,100.0,97.0
1166,Yash U.,Male,5.4,76.0,,100.0,93.0
1155,Arjun B.,Male,1.3,76.0,74.0,53.0,79.0
1097,Pooja Q.,Female,2.2,76.0,76.0,67.0,79.0
1059,Aman H.,Female,4.0,95.0,94.0,90.0,86.0
1118,Asha H.,Female,6.8,69.0,100.0,99.0,99.0
1096,Neha Q.,Female,5.7,64.0,96.0,97.0,83.0
1037,Rohan P.,Male,5.8,100.0,92.0,100.0,
1086,Arjun I.,Female,5.0,48.0,85.0,88.0,85.0
1183,Karan M.,Female,0.0,86.0,49.0,59.0,59.0
1052,Asha E.,Male,6.4,78.0,93.0,100.0,95.0
1174,Ravi Z.,Male,6.8,92.0,,86.0,90.0
1144,Sana D.,Female,4.4,89.0,87.0,89.0,89.0
1085,Priya F.,Male,2.7,97.0,90.0,77.0,88.0
1171,Rohan X.,Female,4.3,80.0,78.0,79.0,92.0
1099,Neha A.,Female,6.7,86.0,100.0,95.0,89.0
1038,Isha H.,Male,4.3,87.0,79.0,,90.0
1156,Asha O.,Male,5.4,82.0,91.0,75.0,100.0
1114,Anika Z.,Male,4.0,83.0,85.0,100.0,84.0
1106,Pooja F.,Female,2.8,78.0,80.0,78.0,
1102,Aman Z.,Male,2.4,80.0,78.0,66.0,72.0
1050,Pooja H.,Female,0.1,86.0,63.0,53.0,72.0
1105,Ritu X.,Male,2.1,81.0,67.0,69.0,81.0
1006,Ritu K.,Female,3.8,95.0,86.0,85.0,89.0
1018,Yash Y.,Female,3.9,75.0,90.0,72.0,81.0
1123,Dev C.,Female,0.6,96.0,77.0,,98.0
1175,Pooja H.,Female,3.8,76.0,74.0,92.0,76.0
1182,Priya Y.,Female,5.9,75.0,94.0,93.0,83.0
1107,Neha T.,Male,2.6,86.0,80.0,70.0,80.0
1087,Neha A.,Female,3.0,55.0,82.0,74.0,68.0
1063,Meera A.,Male,3.8,66.0,74.0,79.0,83.0
1065,Rohan G.,Female,2.0,80.0,91.0,,
1027,Aman H.,Male,5.9,67.0,88.0,86.0,88.0
1059,Aman H.,Female,4.0,95.0,94.0,90.0,86.0
1042,Sanjay O.,Male,5.6,66.0,96.0,91.0,85.0
1053,Dev G.,Female,5.8,93.0,100.0,94.0,87.0
1179,Dev W.,Female,3.4,100.0,75.0,90.0,82.0
1082,Asha Y.,Female,,82.0,89.0,91.0,82.0
1008,Meera V.,Male,3.5,81.0,88.0,78.0,84.0
1092,Pooja Q.,Male,0.1,77.0,62.0,70.0,76.0
1180,Meera R.,Male,3.4,79.0,78.0,83.0,83.0
1139,Meera P.,Female,4.4,65.0,89.0,88.0,85.0
1071,Karan E.,Female,3.2,68.0,81.0,53.0,79.0
1199,Kavya T.,Female,2.4,62.0,68.0,58.0,69.0
1116,Yash G.,Female,5.8,68.0,,91.0,84.0
1009,Ravi X.,Male,,74.0,74.0,80.0,88.0
1132,Tarun P.,Male,3.3,80.0,88.0,81.0,83.0
1080,Ritu Z.,Female,4.1,88.0,87.0,78.0,80.0
1141,Sanjay N.,Male,2.7,60.0,58.0,71.0,67.0
1134,Asha X.,Male,3.0,96.0,83.0,86.0,83.0
1030,Karan R.,Male,3.5,90.0,86.0,100.0,78.0
1004,Priya Z.,Female,6.7,75.0,97.0,100.0,85.0
1040,Arjun U.,Male,3.5,85.0,73.0,87.0,73.0
1051,Meera C.,Male,3.1,73.0,73.0,60.0,68.0
1078,Vikram L.,Male,0.0,82.0,53.0,48.0,72.0
1170,Meera H.,Male,2.1,62.0,73.0,75.0,73.0
1112,Tarun C.,female ,5.2,69.0,77.0,94.0,89.0
1165,Meera A.,Female,6.0,100.0,100.0,100.0,100.0
1055,Sana H.,Female,4.0,90.0,,69.0,84.0
1091,Sana T.,Female,2.9,83.0,80.0,83.0,86.0
1169,Dev V.,Female,0.8,87.0,70.0,66.0,75.0
1044,Isha M.,Female,3.4,100.0,79.0,86.0,85.0
1148,Arjun G.,Female,2.6,99.0,91.0,84.0,83.0
1049,Ritu S.,Female,4.4,100.0,79.0,72.0,95.0
1158,Tarun S.,Male,4.5,87.0,,100.0,87.0
1060,Meera A.,Male,4.7,70.0,94.0,71.0,89.0
1016,Isha S.,Male,2.4,90.0,61.0,71.0,75.0
1054,Sana G.,Male,4.6,73.0,81.0,98.0,79.0
1021,Sana G.,Male,6.7,92.0,92.0,100.0,100.0
1125,Tarun Y.,Female,4.0,89.0,88.0,83.0,84.0
1015,Tarun O.,Male,0.0,76.0,62.0,53.0,75.0
1194,Ritu E.,Female,4.0,,77.0,90.0,94.0
1192,Dev F.,Male,2.5,81.0,71.0,77.0,78.0
1077,Kavya Y.,Male,4.1,72.0,90.0,86.0,94.0
1108,Ravi F.,Male,3.4,67.0,80.0,74.0,82.0
1163,Sana E.,Male,2.9,87.0,,79.0,93.0
1013,Aman Y.,Female,4.5,98.0,89.0,,91.0
1017,Aman W.,Male,3.8,95.0,81.0,87.0,98.0
1048,Arjun X.,Female,3.8,89.0,98.0,90.0,95.0
1151,Aman S.,Female,4.5,78.0,86.0,95.0,86.0
1120,Arjun A.,Male,2.8,100.0,79.0,75.0,90.0
1022,Sanjay D.,Female,4.6,92.0,95.0,94.0,86.0
1191,Pooja T.,Male,5.9,93.0,100.0,78.0,84.0
1131,Meera S.,Male,3.3,92.0,68.0,83.0,91.0
1188,Isha B.,Male,6.3,94.0,100.0,89.0,98.0
1074,Karan M.,Female,3.0,78.0,78.0,78.0,86.0
1031,Arjun D.,Male,4.4,69.0,70.0,77.0,86.0
1189,Ravi W.,Female,2.8,64.0,71.0,78.0,84.0
1034,Sanjay Z.,Female,6.8,100.0,100.0,98.0,100.0
1149,Meera Q.,Female,3.0,68.0,73.0,,80.0
1172,Sanjay O.,Female,4.2,72.0,86.0,80.0,77.0
1181,Kavya Z.,Female,5.0,61.0,79.0,79.0,90.0
1124,Priya P.,Male,5.7,59.0,77.0,76.0,81.0
1035,Aman B.,Female,4.3,78.0,83.0,88.0,94.0
1101,Ravi U.,Female,2.5,79.0,70.0,73.0,95.0
1150,Asha P.,Male,2.2,86.0,66.0,79.0,77.0
1162,Vikram C.,Female,3.3,69.0,74.0,68.0,71.0
1041,Tarun M.,Male,6.7,83.0,92.0,87.0,96.0
1187,Aman S.,Female,3.5,59.0,74.0,64.0,78.0
1062,Isha N.,Female,1.4,77.0,65.0,73.0,77.0
1036,Dev D.,Male,6.1,81.0,90.0,100.0,100.0
1011,Ravi U.,Female,4.6,67.0,76.0,82.0,91.0
1185,Arjun N.,Male,3.5,67.0,73.0,74.0,73.0
1072,Priya M.,Male,3.1,86.0,89.0,80.0,80.0
1200,Isha C.,Male,4.5,79.0,84.0,88.0,87.0
1094,Priya B.,Female,2.2,86.0,78.0,72.0,75.0
1160,Pooja Q.,Female,1.1,70.0,62.0,59.0,80.0
1119,Priya R.,Female,3.3,60.0,77.0,74.0,76.0
1145,Asha D.,Female,7.7,74.0,,84.0,90.0
1002,Isha K.,Female,5.7,87.0,97.0,92.0,94.0
1084,Sana C.,Male,2.9,67.0,67.0,73.0,83.0
1196,Aman L.,Female,5.5,93.0,100.0,79.0,100.0
1088,Anika J.,female ,1.8,65.0,58.0,52.0,75.0
1138,Arjun T.,Male,3.8,75.0,65.0,81.0,77.0
1005,Anika W.,Male,5.3,86.0,100.0,82.0,100.0
1039,Rohan W.,Male,2.2,83.0,58.0,64.0,91.0
1178,Tarun G.,Female,5.1,76.0,84.0,92.0,100.0
1035,Aman B.,Female,4.3,78.0,83.0,88.0,94.0
1113,Yash D.,Male,2.4,83.0,75.0,54.0,78.0
1153,Vikram M.,male,3.2,,71.0,79.0,74.0
1057,Asha P.,Female,3.5,77.0,77.0,85.0,77.0
1070,Pooja T.,Male,,58.0,80.0,81.0,88.0
1045,Asha Y.,Male,0.9,82.0,84.0,74.0,
1020,Anika G.,Female,4.5,73.0,88.0,85.0,89.0
1007,Karan H.,Male,3.9,92.0,83.0,82.0,85.0
1056,Aman B.,Female,5.4,52.0,84.0,75.0,78.0
1076,Ravi J.,Female,,82.0,73.0,79.0,85.0
1001,Priya T.,Female,5.0,82.0,97.0,100.0,100.0
1173,Ravi J.,Female,4.9,60.0,94.0,70.0,81.0
1136,Pooja H.,Female,5.2,88.0,89.0,100.0,93.0
1128,Tarun L.,Male,3.6,54.0,72.0,74.0,75.0
1177,Ritu V.,Female,2.9,82.0,81.0,97.0,69.0
1069,Anika G.,Male,7.7,93.0,100.0,100.0,99.0
1168,Sanjay Y.,Male,8.4,82.0,100.0,100.0,98.0
1137,Karan F.,Male,4.7,73.0,85.0,76.0,87.0
1043,Kavya I.,Female,3.2,64.0,74.0,67.0,80.0
1111,Sana F.,Female,5.9,,100.0,93.0,98.0
1090,Isha V.,Male,3.4,82.0,,83.0,86.0
1073,Isha K.,Male,2.5,70.0,66.0,59.0,70.0
1024,Sana Z.,Female,1.1,,70.0,78.0,77.0
1143,Meera P.,Female,5.0,100.0,85.0,98.0,90.0
1186,Tarun N.,Female,5.7,91.0,100.0,85.0,78.0
1093,Yash L.,Female,5.5,78.0,100.0,100.0,81.0
1104,Karan W.,Male,3.9,71.0,74.0,68.0,82.0
1152,Rohan F.,Male,0.0,90.0,68.0,60.0,71.0
1068,Dev M.,Male,3.5,78.0,82.0,77.0,96.0
1026,Isha G.,Male,5.0,83.0,85.0,96.0,83.0
1197,Neha G.,Female,5.6,75.0,92.0,87.0,90.0
1176,Asha I.,Female,4.2,83.0,86.0,67.0,86.0
